/*
MySQL Data Transfer
Source Host: localhost
Source Database: sunshine
Target Host: localhost
Target Database: sunshine
Date: 2013-2-20 ÉÏÎç 09:43:33
*/

SET FOREIGN_KEY_CHECKS=0;
-- ----------------------------
-- Table structure for persistent_logins
-- ----------------------------
DROP TABLE IF EXISTS `persistent_logins`;
CREATE TABLE `persistent_logins` (
  `username` varchar(64) COLLATE utf8_unicode_ci NOT NULL,
  `series` varchar(64) COLLATE utf8_unicode_ci NOT NULL,
  `token` varchar(64) COLLATE utf8_unicode_ci NOT NULL,
  `last_used` timestamp NOT NULL DEFAULT CURRENT_TIMESTAMP ON UPDATE CURRENT_TIMESTAMP,
  PRIMARY KEY (`series`)
) ENGINE=InnoDB DEFAULT CHARSET=utf8 COLLATE=utf8_unicode_ci;

-- ----------------------------
-- Table structure for ss_article
-- ----------------------------
DROP TABLE IF EXISTS `ss_article`;
CREATE TABLE `ss_article` (
  `id` int(11) NOT NULL AUTO_INCREMENT,
  `title` varchar(64) COLLATE utf8_unicode_ci DEFAULT NULL,
  `content` text COLLATE utf8_unicode_ci,
  `version` int(11) DEFAULT NULL,
  `post_date` datetime DEFAULT NULL,
  PRIMARY KEY (`id`)
) ENGINE=InnoDB AUTO_INCREMENT=11 DEFAULT CHARSET=utf8 COLLATE=utf8_unicode_ci;

-- ----------------------------
-- Table structure for ss_code
-- ----------------------------
DROP TABLE IF EXISTS `ss_code`;
CREATE TABLE `ss_code` (
  `id` int(10) NOT NULL AUTO_INCREMENT,
  `type` varchar(32) COLLATE utf8_unicode_ci DEFAULT NULL,
  `code` varchar(128) COLLATE utf8_unicode_ci DEFAULT NULL,
  `name` varchar(255) COLLATE utf8_unicode_ci DEFAULT NULL,
  `value` varchar(255) COLLATE utf8_unicode_ci DEFAULT NULL,
  `seq` int(10) DEFAULT NULL COMMENT 'Ë³',
  `enable` tinyint(1) DEFAULT NULL,
  `description` varchar(255) COLLATE utf8_unicode_ci DEFAULT NULL,
  PRIMARY KEY (`id`)
) ENGINE=MyISAM AUTO_INCREMENT=3 DEFAULT CHARSET=utf8 COLLATE=utf8_unicode_ci COMMENT='Âë±í';

-- ----------------------------
-- Table structure for ss_code_type
-- ----------------------------
DROP TABLE IF EXISTS `ss_code_type`;
CREATE TABLE `ss_code_type` (
  `id` int(10) NOT NULL AUTO_INCREMENT,
  `code` varchar(128) COLLATE utf8_unicode_ci NOT NULL COMMENT 'ç ç¼–',
  `name` varchar(128) COLLATE utf8_unicode_ci DEFAULT NULL,
  `seq` int(10) DEFAULT NULL COMMENT 'Ë³',
  `description` varchar(255) COLLATE utf8_unicode_ci DEFAULT NULL COMMENT 'ËµÃ÷',
  PRIMARY KEY (`id`)
) ENGINE=MyISAM AUTO_INCREMENT=3 DEFAULT CHARSET=utf8 COLLATE=utf8_unicode_ci COMMENT='ÂëÀàĞÍ±í';

-- ----------------------------
-- Table structure for ss_department
-- ----------------------------
DROP TABLE IF EXISTS `ss_department`;
CREATE TABLE `ss_department` (
  `id` int(10) NOT NULL AUTO_INCREMENT COMMENT 'UUID',
  `name` varchar(40) COLLATE utf8_unicode_ci DEFAULT NULL COMMENT 'éƒ¨é—¨åç§°',
  `pid` int(10) DEFAULT NULL COMMENT 'ä¸Šçº§éƒ¨é—¨ID',
  `seq` int(10) DEFAULT '0' COMMENT 'åŒçº§éƒ¨é—¨é¡ºåº',
  `description` varchar(500) COLLATE utf8_unicode_ci DEFAULT NULL COMMENT 'éƒ¨é—¨æè¿°',
  PRIMARY KEY (`id`)
) ENGINE=MyISAM AUTO_INCREMENT=8 DEFAULT CHARSET=utf8 COLLATE=utf8_unicode_ci;

-- ----------------------------
-- Table structure for ss_function
-- ----------------------------
DROP TABLE IF EXISTS `ss_function`;
CREATE TABLE `ss_function` (
  `id` int(32) NOT NULL AUTO_INCREMENT COMMENT 'UUID',
  `code` varchar(60) COLLATE utf8_unicode_ci DEFAULT NULL COMMENT 'åŠŸèƒ½ç¼–ç ',
  `name` varchar(60) COLLATE utf8_unicode_ci DEFAULT NULL COMMENT 'åŠŸèƒ½åç§°',
  `description` varchar(200) COLLATE utf8_unicode_ci DEFAULT NULL COMMENT 'åŠŸèƒ½æè¿°',
  PRIMARY KEY (`id`)
) ENGINE=MyISAM AUTO_INCREMENT=9 DEFAULT CHARSET=utf8 COLLATE=utf8_unicode_ci;

-- ----------------------------
-- Table structure for ss_menu
-- ----------------------------
DROP TABLE IF EXISTS `ss_menu`;
CREATE TABLE `ss_menu` (
  `id` int(4) NOT NULL AUTO_INCREMENT COMMENT 'UUID',
  `pid` int(4) NOT NULL COMMENT 'ä¸Šçº§èœå•',
  `name` varchar(30) COLLATE utf8_unicode_ci NOT NULL COMMENT 'èœå•åç§°',
  `url` varchar(100) COLLATE utf8_unicode_ci DEFAULT NULL COMMENT 'èœå•é“¾æ¥',
  `target` varchar(20) COLLATE utf8_unicode_ci DEFAULT NULL COMMENT 'èœå•é“¾æ¥æ‰€åœ¨æ¡†æ¶å',
  `relative` tinyint(1) DEFAULT NULL COMMENT 'æ˜¯å¦ç›¸å¯¹è·¯å¾„ï¼Œ0ï¼å¦ï¼Œ1ï¼æ˜¯ã€‚',
  `icon` varchar(100) COLLATE utf8_unicode_ci DEFAULT NULL COMMENT 'èœå•å›¾æ ‡è·¯å¾„',
  `seq` int(10) unsigned zerofill DEFAULT '0000000000' COMMENT 'åŒçº§èœå•é¡ºåºå·',
  `enable` tinyint(1) DEFAULT NULL COMMENT 'æ˜¯å¦å¯ç”¨ï¼Œ0ï¼å¦ï¼Œ1ï¼æ˜¯ã€‚',
  `visible` tinyint(1) DEFAULT NULL COMMENT 'æ˜¯å¦å¯è§ï¼Œ0ï¼å¦ï¼Œ1ï¼æ˜¯ã€‚',
  PRIMARY KEY (`id`)
) ENGINE=MyISAM AUTO_INCREMENT=15 DEFAULT CHARSET=utf8 COLLATE=utf8_unicode_ci;

-- ----------------------------
-- Table structure for ss_role
-- ----------------------------
DROP TABLE IF EXISTS `ss_role`;
CREATE TABLE `ss_role` (
  `id` int(10) NOT NULL AUTO_INCREMENT COMMENT 'UUID',
  `code` varchar(60) COLLATE utf8_unicode_ci DEFAULT NULL COMMENT 'è§’è‰²ç¼–ç ',
  `name` varchar(60) COLLATE utf8_unicode_ci DEFAULT NULL COMMENT 'è§’è‰²åç§°',
  `description` varchar(150) COLLATE utf8_unicode_ci DEFAULT NULL COMMENT 'è§’è‰²è¯´æ˜',
  PRIMARY KEY (`id`)
) ENGINE=MyISAM AUTO_INCREMENT=7 DEFAULT CHARSET=utf8 COLLATE=utf8_unicode_ci;

-- ----------------------------
-- Table structure for ss_role_res
-- ----------------------------
DROP TABLE IF EXISTS `ss_role_res`;
CREATE TABLE `ss_role_res` (
  `id` int(10) NOT NULL AUTO_INCREMENT COMMENT 'UUID',
  `role_id` int(10) DEFAULT NULL COMMENT 'è§’è‰²ID',
  `res_type` int(1) DEFAULT NULL COMMENT 'èµ„æºç±»å‹ï¼Œ1ï¼èœå•ï¼Œ2ï¼åŠŸèƒ½ã€‚',
  `res_id` int(10) DEFAULT NULL COMMENT 'èµ„æºIDï¼Œä¸¤ç§ï¼šèœå•IDæˆ–åŠŸèƒ½IDã€‚',
  PRIMARY KEY (`id`)
) ENGINE=MyISAM AUTO_INCREMENT=99 DEFAULT CHARSET=utf8 COLLATE=utf8_unicode_ci;

-- ----------------------------
-- Table structure for ss_role_staff
-- ----------------------------
DROP TABLE IF EXISTS `ss_role_staff`;
CREATE TABLE `ss_role_staff` (
  `id` int(10) NOT NULL AUTO_INCREMENT COMMENT 'UUID',
  `role_id` int(10) DEFAULT NULL COMMENT 'è§’è‰²ID',
  `staff_id` int(10) DEFAULT NULL COMMENT 'å‘˜å·¥ID',
  PRIMARY KEY (`id`)
) ENGINE=MyISAM AUTO_INCREMENT=21 DEFAULT CHARSET=utf8 COLLATE=utf8_unicode_ci;

-- ----------------------------
-- Table structure for ss_staff
-- ----------------------------
DROP TABLE IF EXISTS `ss_staff`;
CREATE TABLE `ss_staff` (
  `id` int(10) NOT NULL AUTO_INCREMENT COMMENT 'ä¸»é”®ID',
  `name` varchar(50) COLLATE utf8_unicode_ci NOT NULL COMMENT 'å§“å',
  `login_name` varchar(50) COLLATE utf8_unicode_ci NOT NULL COMMENT 'ç™»å½•å',
  `password` varchar(64) COLLATE utf8_unicode_ci DEFAULT NULL COMMENT 'ç™»å½•å¯†ç ',
  `year_entry` varchar(4) COLLATE utf8_unicode_ci DEFAULT NULL COMMENT 'å…¥èŒå¹´ä»½',
  `year_separation` varchar(4) COLLATE utf8_unicode_ci DEFAULT NULL COMMENT 'èŒç¦»å¹´ä»½',
  `dept_id` varchar(40) COLLATE utf8_unicode_ci DEFAULT NULL COMMENT 'æ‰€å±éƒ¨é—¨',
  `position_id` varchar(32) COLLATE utf8_unicode_ci DEFAULT NULL COMMENT 'å²—ä½',
  `sex` tinyint(1) DEFAULT NULL COMMENT 'æ€§åˆ«ï¼Œ0ï¼å¥³ï¼Œ1ï¼ç”·',
  `birthday` date DEFAULT NULL COMMENT 'å‡ºç”Ÿæ—¥æœŸ',
  `mobile` varchar(20) COLLATE utf8_unicode_ci DEFAULT NULL COMMENT 'æ‰‹æœºå·ç ',
  `education` varchar(2) COLLATE utf8_unicode_ci DEFAULT NULL COMMENT 'æ•™è‚²ç¨‹åº¦ï¼Œå­¦å†',
  `nation` varchar(20) COLLATE utf8_unicode_ci DEFAULT NULL COMMENT 'æ°‘æ—',
  `marital` tinyint(1) DEFAULT NULL COMMENT 'å©šå¦ï¼Œ0ï¼æœªå©šï¼Œ1ï¼å·²å©šã€‚',
  `household` varchar(60) COLLATE utf8_unicode_ci DEFAULT NULL COMMENT 'ç±è´¯',
  `profession` varchar(40) COLLATE utf8_unicode_ci DEFAULT NULL COMMENT 'ä¸“ä¸š',
  `address` varchar(80) COLLATE utf8_unicode_ci DEFAULT NULL COMMENT 'è”ç³»åœ°å€',
  `email` varchar(40) COLLATE utf8_unicode_ci DEFAULT NULL COMMENT 'é‚®ç®±',
  `id_card` varchar(30) COLLATE utf8_unicode_ci DEFAULT NULL COMMENT 'èº«ä»½è¯å·ç ',
  `resume` text COLLATE utf8_unicode_ci COMMENT 'ç®€å†ä¿¡æ¯',
  `evaluation` text COLLATE utf8_unicode_ci COMMENT 'ä¸ªäººè‡ªè¯„',
  `status` tinyint(1) DEFAULT NULL COMMENT 'åœ¨èŒçŠ¶æ€ï¼Œ0ï¼ç¦»èŒï¼Œ1ï¼åœ¨èŒ',
  `create_time` datetime DEFAULT NULL COMMENT 'å»ºåˆ›æ—¶é—´',
  `creator` int(10) DEFAULT NULL,
  `modify_time` timestamp NULL DEFAULT CURRENT_TIMESTAMP ON UPDATE CURRENT_TIMESTAMP COMMENT 'ä¿®æ”¹æ—¶é—´',
  `modificator` int(10) DEFAULT NULL COMMENT 'ä¿®æ”¹è€…',
  PRIMARY KEY (`id`)
) ENGINE=MyISAM AUTO_INCREMENT=45 DEFAULT CHARSET=utf8 COLLATE=utf8_unicode_ci;

-- ----------------------------
-- Table structure for ss_staff_login
-- ----------------------------
DROP TABLE IF EXISTS `ss_staff_login`;
CREATE TABLE `ss_staff_login` (
  `id` int(10) NOT NULL AUTO_INCREMENT,
  `staff_id` int(10) DEFAULT NULL COMMENT 'å‘˜å·¥ID',
  `login_date` timestamp NULL DEFAULT CURRENT_TIMESTAMP ON UPDATE CURRENT_TIMESTAMP COMMENT 'ç™»å½•æ—¶é—´',
  `login_ip` varchar(40) COLLATE utf8_unicode_ci DEFAULT NULL COMMENT 'ç™»å½•IP',
  PRIMARY KEY (`id`),
  KEY `idx_staff_lg_staff_id` (`staff_id`)
) ENGINE=MyISAM DEFAULT CHARSET=utf8 COLLATE=utf8_unicode_ci COMMENT='å‘˜å·¥ç™»å½•æƒ…å†µè¡¨';

-- ----------------------------
-- Table structure for ss_user
-- ----------------------------
DROP TABLE IF EXISTS `ss_user`;
CREATE TABLE `ss_user` (
  `id` varchar(32) COLLATE utf8_unicode_ci NOT NULL,
  `name` varchar(50) COLLATE utf8_unicode_ci DEFAULT NULL COMMENT 'å§“å',
  `login_name` varchar(64) COLLATE utf8_unicode_ci DEFAULT NULL COMMENT 'ç™»å½•å = é‚®ç®±',
  `password` varchar(64) COLLATE utf8_unicode_ci DEFAULT NULL,
  `login_ip` varchar(64) COLLATE utf8_unicode_ci DEFAULT NULL COMMENT 'ç™»å½•IP',
  `last_login` datetime DEFAULT NULL COMMENT 'æœ€åç™»å½•æ—¶é—´',
  `create_date` datetime DEFAULT NULL COMMENT 'åˆ›å»ºæ—¥æœŸ',
  `start_date` date DEFAULT NULL,
  `end_date` date DEFAULT NULL COMMENT 'ç”¨æˆ·æœ‰æ•ˆæœŸ',
  `pre_login_ip` varchar(64) COLLATE utf8_unicode_ci DEFAULT NULL COMMENT 'ä¸Šæ¬¡ç™»å…¥ip',
  `sex` int(1) DEFAULT NULL COMMENT 'æ€§åˆ«',
  `province` varchar(32) COLLATE utf8_unicode_ci DEFAULT NULL COMMENT 'çœä»½',
  `city` varchar(32) COLLATE utf8_unicode_ci DEFAULT NULL COMMENT 'åŸå¸‚',
  `mobile` varchar(32) COLLATE utf8_unicode_ci DEFAULT NULL COMMENT 'æ‰‹æœºå·ç ',
  `qq` varchar(32) COLLATE utf8_unicode_ci DEFAULT NULL COMMENT 'qq',
  `company_name` varchar(256) COLLATE utf8_unicode_ci DEFAULT NULL COMMENT 'å…¬å¸åç§°',
  `position` varchar(32) COLLATE utf8_unicode_ci DEFAULT NULL COMMENT 'èŒä½',
  `web_site` varchar(512) COLLATE utf8_unicode_ci DEFAULT NULL,
  `remark` varchar(2000) COLLATE utf8_unicode_ci DEFAULT NULL COMMENT 'é™„åŠ ä¿¡æ¯',
  `type` int(1) DEFAULT '0' COMMENT 'ç”¨æˆ·ç±»å‹  0ä¸å¯ç”¨ 1è¯•ç”¨ç”¨æˆ· 2ä»˜è´¹ç”¨æˆ·',
  `audit_state` varchar(1) COLLATE utf8_unicode_ci DEFAULT '0' COMMENT 'å®¡æ ¸çŠ¶æ€  0ä¸é€šè¿‡ 1å·²å®¡æ ¸',
  `audit_info` varchar(2000) COLLATE utf8_unicode_ci DEFAULT NULL COMMENT 'å®¡æ ¸ä¿¡æ¯',
  `audit_editor` varchar(32) COLLATE utf8_unicode_ci DEFAULT NULL COMMENT 'å®¡æ ¸è€…',
  `audit_datetime` datetime DEFAULT NULL COMMENT 'å®¡æ ¸æ—¥æœŸ',
  `province_name` varchar(32) COLLATE utf8_unicode_ci DEFAULT NULL COMMENT 'çœä»½åç§°',
  `city_name` varchar(32) COLLATE utf8_unicode_ci DEFAULT NULL COMMENT 'åŸå¸‚åç§°',
  `current_login` datetime DEFAULT NULL COMMENT 'å‰å½“ç™»å½•æ—¶é—´',
  `mail_notice` varchar(1) COLLATE utf8_unicode_ci DEFAULT NULL COMMENT '1ï¼šé‚®ä»¶å·²é€šçŸ¥ï¼Œ0ï¼šé‚®ä»¶æœªé€šçŸ¥',
  `suggest_trial` char(1) COLLATE utf8_unicode_ci DEFAULT NULL COMMENT 'å»ºè®®è¯•ç”¨',
  PRIMARY KEY (`id`)
) ENGINE=InnoDB DEFAULT CHARSET=utf8 COLLATE=utf8_unicode_ci;

-- ----------------------------
-- Records 
-- ----------------------------
INSERT INTO `ss_article` VALUES ('1', 'å¦é—¨æœºåœºæ£€éªŒæ£€ç–«ä¸šåŠ¡ç»¼åˆæ¥¼ã€ç»¼åˆå®éªŒæ¥¼é¡¹ç›®', 'å¦é—¨æœºåœºæ£€éªŒæ£€ç–«ä¸šåŠ¡ç»¼åˆæ¥¼ã€ç»¼åˆå®éªŒæ¥¼é¡¹ç›®', null, null);
INSERT INTO `ss_article` VALUES ('2', 'æ³‰å·å¸‚é¹è¾¾å¹¿åœº1å·-2å·æ¥¼åŠåœ°ä¸‹å®¤é¡¹ç›®', 'æ³‰å·å¸‚é¹è¾¾å¹¿åœº1å·-2å·æ¥¼åŠåœ°ä¸‹å®¤é¡¹ç›®', null, null);
INSERT INTO `ss_article` VALUES ('3', 'é¾™å²©å¸‚ç¬¬ä¸€åŒ»é™¢é—¨è¯Šç»¼åˆæ¥¼å·¥ç¨‹', 'é¾™å²©å¸‚ç¬¬ä¸€åŒ»é™¢é—¨è¯Šç»¼åˆæ¥¼å·¥ç¨‹', null, null);
INSERT INTO `ss_article` VALUES ('4', 'å·å¸‚å—å®‰å®˜æ¡¥æ˜å‘åæ˜Œå›½é™…åŸ', 'å·å¸‚å—å®‰å®˜æ¡¥æ˜å‘åæ˜Œå›½é™…åŸ', null, null);
INSERT INTO `ss_article` VALUES ('5', 'å¦é—¨æ°¸ä¸šé£Ÿå“æœ‰é™å…¬å¸å‚æˆ¿åŠé…å¥—è®¾æ–½é¡¹ç›®', 'å¦é—¨æ°¸ä¸šé£Ÿå“æœ‰é™å…¬å¸å‚æˆ¿åŠé…å¥—è®¾æ–½é¡¹ç›®', null, null);
INSERT INTO `ss_article` VALUES ('6', 'Maine man, 74, held in deaths of 6', 'Maine man, 74, held in deaths of teenage tenants', null, null);
INSERT INTO `ss_article` VALUES ('7', 'If cut, fiscal deal will pale 2012', 'If cut, fiscal deal will pale against expectations', null, null);
INSERT INTO `ss_article` VALUES ('8', 'Netflix CEO gets pay bump after ', 'Netflix CEO gets pay bump after 2012 cut', null, null);
INSERT INTO `ss_article` VALUES ('9', '6 Best iPhone Apps of 2012', '6 Best iPhone Apps of 2012', null, null);
INSERT INTO `ss_article` VALUES ('10', 'Big plans for Mars Curiosity rover in 2012', 'Big plans for Mars Curiosity rover in 2012', null, null);
INSERT INTO `ss_code` VALUES ('1', '1', 'test', 'test', '1', '1', '1', '1');
INSERT INTO `ss_code` VALUES ('2', '2', 'ee', 'e', '2', '1', '1', '1');
INSERT INTO `ss_code_type` VALUES ('1', 'test', 'test', null, '');
INSERT INTO `ss_code_type` VALUES ('2', '2', '2', null, '');
INSERT INTO `ss_department` VALUES ('1', 'éƒ¨é—¨ä¸€', '0', null, 'éƒ¨é—¨ä¸€');
INSERT INTO `ss_department` VALUES ('2', 'èœå•äºŒ', '0', '0', 'èœå•äºŒ');
INSERT INTO `ss_department` VALUES ('3', 'èœå•112', '2', null, 'èœ11');
INSERT INTO `ss_department` VALUES ('5', 'éƒ¨é—¨1-1', '1', null, 'ddd');
INSERT INTO `ss_function` VALUES ('5', 'funciton.add', 'æ–°å¢', 'æ–°å¢çš„');
INSERT INTO `ss_function` VALUES ('4', 'funciton.delete', 'åˆ é™¤', 'åˆ é™¤çš„');
INSERT INTO `ss_menu` VALUES ('1', '0', 'åŸºç¡€ä¿¡æ¯ç®¡ç†', '', null, null, null, '0000000002', '1', null);
INSERT INTO `ss_menu` VALUES ('2', '0', 'ç³»ç»Ÿç®¡ç†', '', null, null, null, '0000000050', '1', null);
INSERT INTO `ss_menu` VALUES ('4', '2', 'ç™»å½•æƒ…å†µ', '/admin/staff-login.jsp', null, null, null, '0000000000', '1', null);
INSERT INTO `ss_menu` VALUES ('6', '1', 'å‘˜å·¥ç®¡ç†', '/admin/staff.jsp', null, null, null, '0000000001', '1', null);
INSERT INTO `ss_menu` VALUES ('7', '1', 'éƒ¨é—¨ç®¡ç†', '/admin/department.jsp', null, null, null, '0000000002', '1', null);
INSERT INTO `ss_menu` VALUES ('8', '2', 'è§’è‰²ç®¡ç†', '/admin/role.jsp', null, null, null, '0000000003', '1', null);
INSERT INTO `ss_menu` VALUES ('9', '2', 'èœå•ç®¡ç†', '/admin/menu.jsp', null, null, null, '0000000004', '1', null);
INSERT INTO `ss_menu` VALUES ('10', '2', 'åŠŸèƒ½ç®¡ç†', '/admin/function.jsp', null, null, null, '0000000005', '1', null);
INSERT INTO `ss_menu` VALUES ('11', '2', 'ç è¡¨ç®¡ç†', '/admin/code.jsp', null, null, null, '0000000006', '1', null);
INSERT INTO `ss_menu` VALUES ('12', '2', 'ç”¨æˆ·æˆæƒ', '/admin/role-staff.jsp', null, null, null, '0000000001', '1', null);
INSERT INTO `ss_role` VALUES ('1', 'ROLE_ADMIN', 'è¶…çº§ç®¡ç†å‘˜', 'è¶…çº§ç®¡ç†å‘˜');
INSERT INTO `ss_role` VALUES ('3', 'ROLE_USER', 'æ™®é€šç”¨æˆ·', 'æ™®é€šç”¨æˆ·');
INSERT INTO `ss_role` VALUES ('4', 'ROLE_TEST', 'æµ‹è¯•', 'æµ‹è¯•');
INSERT INTO `ss_role_res` VALUES ('80', '1', '1', '4');
INSERT INTO `ss_role_res` VALUES ('79', '1', '1', '2');
INSERT INTO `ss_role_res` VALUES ('78', '1', '1', '7');
INSERT INTO `ss_role_res` VALUES ('77', '1', '1', '6');
INSERT INTO `ss_role_res` VALUES ('76', '1', '1', '1');
INSERT INTO `ss_role_res` VALUES ('81', '1', '1', '8');
INSERT INTO `ss_role_res` VALUES ('82', '1', '1', '9');
INSERT INTO `ss_role_res` VALUES ('83', '1', '1', '10');
INSERT INTO `ss_role_res` VALUES ('84', '1', '1', '11');
INSERT INTO `ss_role_res` VALUES ('85', '1', '1', '12');
INSERT INTO `ss_role_res` VALUES ('86', '3', '1', '1');
INSERT INTO `ss_role_res` VALUES ('87', '3', '1', '6');
INSERT INTO `ss_role_res` VALUES ('88', '3', '1', '7');
INSERT INTO `ss_role_staff` VALUES ('9', '1', '4');
INSERT INTO `ss_role_staff` VALUES ('10', '2', '4');
INSERT INTO `ss_role_staff` VALUES ('11', '4', '4');
INSERT INTO `ss_role_staff` VALUES ('20', '3', '2');
INSERT INTO `ss_role_staff` VALUES ('19', '1', '1');
INSERT INTO `ss_staff` VALUES ('2', 'æ™®é€šç”¨æˆ·', 'user', '21232f297a57a5a743894a0e4a801fc3', '2013', null, '5', 'è½¯ä»¶å¼€å‘', '1', '2012-01-01', '15985994163', 'å°å­¦', 'æ±‰æ—', '1', 'ç¦å»º', 'è®¡ç®—æœºç±»', 'ç¦å»ºæ³‰å·', 'linchanghuang@gmail.com', '1222222222222', '<p>\r\n	ccdd<img alt=\"\" src=\"/static/upload/editor/image/2013-02/1360388403125.png\" style=\"width: 181px; height: 400px;\" /></p>', 'a', '1', null, null, null, null);
INSERT INTO `ss_staff` VALUES ('1', 'è¶…çº§ç®¡ç†å‘˜', 'admin', '21232f297a57a5a743894a0e4a801fc3', '2012', null, '0', 'è½¯ä»¶å¼€å‘', '1', '2012-04-24', '15985994163', 'å°å­¦', 'æ±‰æ—', '0', 'ç¦å»º', 'è®¡ç®—æœºç±»', 'ç¦å»ºæ³‰å·', 'linchanghuang@gmail.com', '1222222222222', '<p>\r\n	ccddaa</p>', 'b', '1', null, null, null, null);
INSERT INTO `ss_user` VALUES ('1', 'æ³‰å·å¸‚å—å®‰å®˜æ¡¥æ˜å‘åæ˜Œå›½é™…åŸ', 'xiao lin', '21232f297a57a5a743894a0e4a801fc3', null, null, null, null, null, null, null, null, null, null, '200000', null, null, null, null, null, null, null, null, null, null, null, null, null, null);
INSERT INTO `ss_user` VALUES ('2', 'æ³‰å·å¸‚æµ·è”åˆ›ä¸šå›­è¥è¿ä¸­å¿ƒB-2åœ°', 'xiao zhang', '21232f297a57a5a743894a0e4a801fc3', null, null, null, null, null, null, null, null, null, null, '30000', null, null, null, null, null, null, null, null, null, null, null, null, null, null);
